"users/11320801519","users/17301813625189849522","2020-06-21T14:28:29.967717Z"
"users/11320801519","users/17301813625292285139","2020-06-22T16:47:52.7479256Z"
"users/11320801519","users/6470903689","2020-06-22T16:47:53.9638586Z"
"users/11320801519","users/17301813625405048761","2020-06-23T08:12:50.8716861Z"
"users/11320801519","users/17301813623809433400","2020-06-23T08:12:50.980943Z"
"users/11320801519","users/17301813624080592312","2020-06-23T08:27:17.6856827Z"
"users/11320801519","users/11831858031","2020-06-23T10:48:42.7095115Z"
"users/11320801519","users/17301813622394319672","2020-06-23T15:52:33.7263837Z"
"users/11320801519","users/17301813625381788842","2020-06-23T20:03:31.0212223Z"
"users/11320801519","users/87854603","2020-06-24T09:49:57.7815654Z"
"users/11320801519","users/17301813623725918065","2020-06-24T11:28:03.4206726Z"
"users/11320801519","users/17301813624595013725","2020-06-24T14:58:06.1783894Z"
"users/11320801519","users/10048648440","2020-06-24T15:09:19.7015404Z"
"users/11320801519","users/17301813624536094000","2020-06-24T18:57:57.8100665Z"
"users/11320801519","users/17301813623891695709","2020-06-24T18:57:58.430053Z"
"users/11320801519","users/17301813625393995549","2020-06-24T18:57:59.0221498Z"
"users/11320801519","users/17301813625417711704","2020-06-24T18:58:01.2143645Z"
"users/11320801519","users/17301813625420561272","2020-06-25T08:23:05.7565059Z"
"users/11320801519","users/17301813625370116950","2020-06-25T08:23:06.9513392Z"
"users/11320801519","users/17301813625419346548","2020-06-25T10:51:48.0295942Z"
"users/11320801519","users/17301813625421177182","2020-06-25T12:24:38.8187128Z"
"users/11320801519","users/17301813624778782302","2020-06-25T12:24:39.3486952Z"
"users/11320801519","users/17301813625171152049","2020-06-25T12:24:44.0380565Z"
"users/11320801519","users/17301813625423940159","2020-06-25T20:31:05.5708519Z"
"users/11320801519","users/17301813625401799872","2020-06-26T09:16:38.9426627Z"
"users/11320801519","users/17301813625261792049","2020-06-26T09:16:40.101059Z"
"users/11320801519","users/17301813625410272814","2020-06-26T09:16:43.6768888Z"
"users/11320801519","users/17301813625421651549","2020-06-26T11:46:08.9442005Z"
"users/11320801519","users/17301813624771505385","2020-06-26T11:46:11.8816897Z"
"users/11320801519","users/17301813623822751595","2020-06-26T15:06:42.0772491Z"
"users/11320801519","users/17301813625120554769","2020-06-26T15:06:42.4999578Z"
"users/11320801519","users/17301813624857876376","2020-06-26T17:51:07.7231667Z"
"users/11320801519","users/17301813625423641240","2020-06-26T17:51:09.4933684Z"
"users/11320801519","users/17301813625418307690","2020-06-26T17:51:12.4922307Z"
"users/11320801519","users/17301813622658736498","2020-06-26T17:51:15.8939306Z"
"users/11320801519","users/17301813625044109333","2020-06-26T18:12:22.8004314Z"
"users/11320801519","users/17301813624426039828","2020-06-27T06:13:42.0421057Z"
"users/11320801519","users/17301813625432181755","2020-06-27T06:13:49.9386302Z"
"users/11320801519","users/17301813625385980903","2020-06-27T06:13:54.3658979Z"
"users/11320801519","users/17301813625337046691","2020-06-27T09:14:03.7440672Z"
"users/11320801519","users/17301813624024498972","2020-06-27T13:35:02.0488132Z"
"users/11320801519","users/17301813625431041989","2020-06-27T15:58:50.5547571Z"
"users/11320801519","users/17301813625437078522","2020-06-27T21:11:14.3609795Z"
"users/11320801519","users/17301813624977595031","2020-06-27T21:11:14.7168143Z"
"users/11320801519","users/17301813624823258753","2020-06-27T21:58:03.5339739Z"
"users/11320801519","users/17301813625395484610","2020-06-27T22:04:45.4236487Z"
"users/11320801519","users/17301813625240909848","2020-06-28T06:46:17.5876064Z"
"users/11320801519","users/17301813625436739152","2020-06-28T06:46:22.1330657Z"
"users/11320801519","users/17301813625201241061","2020-06-28T06:46:25.4829175Z"
"users/11320801519","users/17301813622704795225","2020-06-28T13:13:19.3863854Z"
"users/11320801519","users/17301813625442268169","2020-06-28T19:08:00.9528119Z"
"users/11320801519","users/17301813625442548341","2020-06-28T19:08:03.1284504Z"
"users/11320801519","users/17301813625413254445","2020-06-28T19:08:05.108677Z"
"users/11320801519","users/17301813625444417210","2020-06-28T20:07:51.5280383Z"
"users/11320801519","users/17301813622542659673","2020-06-29T07:07:30.496802Z"
"users/11320801519","users/17301813625431060950","2020-06-29T07:07:30.7930366Z"
"users/11320801519","users/17301813625293493156","2020-06-29T07:07:31.0898048Z"
"users/11320801519","users/17301813625446149112","2020-06-29T07:07:32.1650773Z"
"users/11320801519","users/17301813625229769683","2020-06-29T07:07:32.5438327Z"
"users/11320801519","users/17301813625254838515","2020-06-29T07:07:35.3872241Z"
"users/11320801519","users/17301813625212563346","2020-06-29T10:46:43.8777953Z"
"users/11320801519","users/17301813625448595610","2020-06-29T10:46:45.9108777Z"
"users/11320801519","users/17301813625449881726","2020-06-29T12:46:50.0743111Z"
"users/11320801519","users/17301813624905869873","2020-06-29T12:46:52.5905702Z"
"users/11320801519","users/17301813625377894100","2020-06-29T12:46:55.5333256Z"
"users/11320801519","users/17301813623069531502","2020-06-29T13:27:34.8798917Z"
"users/11320801519","users/17301813625404496365","2020-06-29T16:18:17.1260319Z"
"users/11320801519","users/17301813625375374065","2020-06-30T06:31:29.2112374Z"
"users/11320801519","users/17301813625452010171","2020-06-30T06:31:29.6689215Z"
"users/11320801519","users/17301813622411669049","2020-06-30T06:31:31.6174136Z"
"users/11320801519","users/17301813625155734466","2020-06-30T06:31:38.9544584Z"
"users/11320801519","users/17301813625461314886","2020-06-30T09:31:35.9167114Z"
"users/11320801519","users/17301813625442204927","2020-06-30T10:27:54.0455904Z"
"users/11320801519","users/17301813623137182835","2020-06-30T10:55:27.8866204Z"
"users/11320801519","users/17301813625438065867","2020-07-01T07:20:48.2464897Z"
"users/11320801519","users/17301813625345956763","2020-07-01T07:20:54.9236738Z"
"users/11320801519","users/17301813625450201630","2020-07-01T07:20:55.0374165Z"
"users/11320801519","users/17301813625472222094","2020-07-01T09:40:36.4192964Z"
"users/11320801519","users/17301813625339619694","2020-07-01T10:28:46.3044855Z"
"users/11320801519","users/17301813625473822335","2020-07-01T16:11:51.1372728Z"
"users/11320801519","users/17301813625386545547","2020-07-01T16:11:52.4636431Z"
"users/11320801519","users/17301813625216836924","2020-07-01T21:15:15.4516652Z"
"users/11320801519","users/10556894468","2020-07-01T21:15:17.4572422Z"
"users/11320801519","users/17301813621610924423","2020-07-02T05:26:14.4568666Z"
"users/11320801519","users/17301813621879246036","2020-07-02T14:35:30.822759Z"
"users/11320801519","users/17301813625486253883","2020-07-03T09:56:36.1813303Z"
"users/11320801519","users/17301813625385946815","2020-07-03T11:22:52.7765448Z"
"users/11320801519","users/6240173989","2020-07-03T11:22:53.3953102Z"
"users/11320801519","users/17301813625491850293","2020-07-03T21:10:02.1492857Z"
"users/11320801519","users/17301813625493133880","2020-07-03T21:10:05.5426276Z"
"users/11320801519","users/17301813624500212958","2020-07-03T21:10:07.9520564Z"
"users/11320801519","users/17301813622756851052","2020-07-04T07:24:14.7764004Z"
"users/11320801519","users/17301813624125630147","2020-07-04T07:24:16.8010302Z"
"users/11320801519","users/12760787514","2020-07-04T07:24:18.1593227Z"
"users/11320801519","users/17301813625414476771","2020-07-04T14:07:14.9151107Z"
"users/11320801519","users/11761843347","2020-07-04T18:15:39.0935863Z"
"users/11320801519","users/17301813621918951619","2020-07-05T07:03:10.3831729Z"
"users/11320801519","users/12524506045","2020-07-05T10:35:22.8295368Z"
"users/11320801519","users/11228727923","2020-07-05T11:54:31.8266172Z"
"users/11320801519","users/17301813624828437107","2020-07-05T13:29:30.1069641Z"
"users/11320801519","users/17301813625260858228","2020-07-05T20:48:00.3001997Z"
"users/11320801519","users/17301813625196452810","2020-07-05T20:48:00.3700755Z"
"users/11320801519","users/17301813623800451196","2020-07-05T20:48:00.5002012Z"
"users/11320801519","users/10944309153","2020-07-05T21:26:43.6820974Z"
"users/11320801519","users/17301813625512900111","2020-07-06T09:27:19.1381286Z"
"users/11320801519","users/17301813625521788303","2020-07-06T21:01:56.8097025Z"
"users/11320801519","users/17301813624917169976","2020-07-07T06:34:43.868027Z"
"users/11320801519","users/17301813624141190551","2020-07-07T12:52:15.7923525Z"
"users/11320801519","users/17301813625255585003","2020-07-09T10:07:20.572604Z"
"users/11320801519","users/17301813625416234005","2020-07-09T21:18:32.0380672Z"
"users/11320801519","users/17301813625542362269","2020-07-10T12:33:54.0642416Z"
"users/11320801519","users/12785361649","2020-07-10T19:14:04.8340957Z"
"users/11320801519","users/17301813625305405451","2020-07-10T19:14:05.7151968Z"
"users/11320801519","users/17301813625561113912","2020-07-11T15:31:37.6523112Z"
"users/11320801519","users/12562291590","2020-07-11T20:48:18.2333031Z"
"users/11320801519","users/17301813624262320240","2020-07-12T08:17:59.3772654Z"
"users/11320801519","users/17301813625574846534","2020-07-12T14:01:41.3577949Z"
"users/11320801519","users/17301813625576551257","2020-07-12T19:36:58.9564706Z"
"users/11320801519","users/17301813625524242748","2020-07-13T08:13:37.1539922Z"
"users/11320801519","users/17301813625572323307","2020-07-13T08:13:39.431246Z"
"users/11320801519","users/12797838884","2020-07-13T08:13:40.571471Z"
"users/11320801519","users/9745150553","2020-07-16T19:29:51.7940855Z"
"users/11320801519","users/17301813625232380025","2020-07-16T19:29:52.3130763Z"
"users/11320801519","users/17301813625610430272","2020-07-16T19:29:54.4538048Z"
"users/11320801519","users/17301813625596019663","2020-07-17T07:13:50.4880843Z"
"users/11320801519","users/17301813625356066863","2020-07-18T20:54:08.8151466Z"
"users/11320801519","users/17301813625612644112","2020-07-19T06:40:09.9033359Z"
"users/11320801519","users/12659403375","2020-07-19T06:40:10.6186327Z"
"users/11320801519","users/11258682782","2020-07-19T12:44:12.7423107Z"
"users/11320801519","users/17301813621761154856","2020-07-20T14:24:46.3929104Z"
"users/11320801519","users/17301813625210697644","2020-07-21T10:23:09.1722849Z"
"users/11320801519","users/17301813625606116037","2020-07-21T19:50:38.3085534Z"
"users/11320801519","users/17301813625116862418","2020-07-21T19:50:41.7196931Z"
"users/11320801519","users/17301813625193967173","2020-07-23T06:24:56.3778389Z"
"users/11320801519","users/17301813622913049549","2020-07-23T10:26:24.6002934Z"
"users/11320801519","users/17301813625681888407","2020-07-23T14:48:36.9445966Z"
"users/11320801519","users/17301813625700018346","2020-07-24T21:03:49.7214021Z"
"users/11320801519","users/17301813625681916383","2020-07-27T13:59:05.8467314Z"
"users/11320801519","users/12709288142","2020-07-27T13:59:07.5552237Z"
"users/11320801519","users/17301813625733278084","2020-07-28T21:50:58.5535038Z"
"users/11320801519","users/5617345562","2020-07-28T21:50:58.8832423Z"
"users/11320801519","users/64664029","2020-07-28T21:50:59.2130334Z"
"users/11320801519","users/17301813625734573332","2020-07-29T21:51:51.8749471Z"
"users/11320801519","users/17301813625644691598","2020-07-29T21:52:18.2348112Z"
"users/11320801519","users/11813257736","2020-07-30T20:27:56.7737145Z"
"users/11320801519","users/17301813624397113243","2020-07-31T06:35:52.9260536Z"
"users/11320801519","users/12449185041","2020-08-04T19:53:42.7177085Z"
"users/11320801519","users/17301813625786790048","2020-08-04T19:53:43.0238705Z"
"users/11320801519","users/17301813625788333080","2020-08-04T19:53:43.2677066Z"
"users/11320801519","users/197822955","2020-08-05T15:13:18.3508946Z"
"users/11320801519","users/17301813625804165170","2020-08-06T17:59:55.7035155Z"
"users/11320801519","users/17301813625773027194","2020-08-06T17:59:57.6149835Z"
"users/11320801519","users/17301813625730426347","2020-08-08T17:10:39.6654699Z"
"users/11320801519","users/17301813625820619235","2020-08-09T18:40:59.9481087Z"
"users/11320801519","users/17301813625809521245","2020-08-10T21:38:45.7748575Z"
"users/11320801519","users/17301813625332212180","2020-08-10T21:38:55.5209976Z"
"users/11320801519","users/17301813625680399428","2020-08-11T10:21:49.4279921Z"
"users/11320801519","users/17301813625331190895","2020-08-11T22:53:13.5212869Z"
"users/11320801519","users/17301813625252362612","2020-08-11T22:53:14.2518882Z"
"users/11320801519","users/17301813625166985144","2020-08-12T21:54:46.4209014Z"
"users/11320801519","users/17301813625856215119","2020-08-14T11:37:24.8776878Z"
"users/11320801519","users/17301813625191802265","2020-08-15T11:25:57.6613788Z"
"users/11320801519","users/17301813622168009602","2020-08-18T19:44:48.490471Z"
"users/11320801519","users/17301813625910469669","2020-08-21T11:09:07.8940365Z"
"users/11320801519","users/17301813625307671383","2020-08-21T11:09:09.0161202Z"
"users/11320801519","users/17301813625913763227","2020-08-22T14:24:40.0305221Z"
"users/11320801519","users/17301813625081810514","2020-08-24T10:23:48.9267403Z"
"users/11320801519","users/17301813625947490873","2020-08-26T04:51:46.4559082Z"
"users/11320801519","users/17301813625945034649","2020-08-27T10:53:34.5806624Z"
"users/11320801519","users/17301813625480839302","2020-08-29T07:06:38.4904968Z"
"users/11320801519","users/17301813626013273893","2020-09-04T14:31:43.0865928Z"
"users/11320801519","users/17301813625922539802","2020-09-05T07:00:04.0721414Z"
"users/11320801519","users/6279192482","2020-09-07T18:24:03.6399461Z"
"users/11320801519","users/17301813625941762355","2020-09-17T15:51:10.9943014Z"
"users/11320801519","users/17301813621498668578","2020-09-26T06:20:21.548372Z"
"users/11320801519","users/11588226933","2020-10-08T21:57:57.2523157Z"
"users/11320801519","users/17301813622193372238","2020-10-08T21:58:26.9928107Z"
"users/11320801519","users/17301813626266181018","2020-10-08T21:58:30.6516767Z"
"users/11320801519","users/17301813625958659308","2020-10-08T21:59:18.9696512Z"
"users/11320801519","users/17301813626297600931","2020-10-11T16:36:18.5985936Z"
"users/11320801519","users/6523206651","2020-10-19T17:14:46.6028596Z"
"users/11320801519","users/17301813626229603692","2020-10-19T17:14:56.4433051Z"
"users/11320801519","users/17301813625631857450","2020-11-02T05:38:59.7190376Z"
"users/11320801519","users/17301813626277766585","2020-11-02T05:39:00.5174385Z"
"users/11320801519","users/17301813623263837606","2020-11-02T05:39:05.5990773Z"
"users/11320801519","users/17301813626281821947","2020-11-02T05:39:12.6774919Z"
"users/11320801519","users/6236359359","2020-11-07T08:20:54.6059932Z"
"users/11320801519","users/17301813626417099254","2020-11-09T12:49:47.4227807Z"
"users/11320801519","users/8223288486","2020-11-10T11:40:32.4958899Z"
"users/11320801519","users/17301813626130950932","2020-11-10T12:32:42.4786803Z"
"users/11320801519","users/10046962100","2020-11-11T05:48:25.6212847Z"
"users/11320801519","users/17301813624772083689","2020-11-11T05:48:26.7980496Z"
"users/11320801519","users/17301813624611412124","2020-11-12T05:53:39.1213489Z"
"users/11320801519","users/17301813626546274775","2020-11-13T21:08:00.3297193Z"
"users/11320801519","users/17301813625183031358","2020-11-13T21:08:02.5751205Z"
"users/11320801519","users/17301813626078514735","2020-11-13T21:08:04.4228647Z"
"users/11320801519","users/17301813626664620999","2020-11-14T05:51:06.2437549Z"
"users/11320801519","users/8513522833","2020-11-14T17:18:37.0902345Z"
"users/11320801519","users/17301813626540912263","2020-11-14T17:18:37.7187584Z"
"users/11320801519","users/17301813623764922032","2020-11-14T17:18:41.3042993Z"
"users/11320801519","users/17301813623109191389","2020-11-15T05:49:15.953949Z"
"users/11320801519","users/17301813626259496228","2020-11-16T05:40:03.9685519Z"
"users/11320801519","users/17301813626568962544","2020-11-16T05:40:04.5377878Z"
"users/11320801519","users/6153584978","2020-11-16T14:16:39.5037881Z"
"users/11320801519","users/17301813626627922280","2020-11-16T14:16:40.9695814Z"
"users/11320801519","users/17301813626571033067","2020-11-16T14:16:43.2444322Z"
"users/11320801519","users/17301813626690855370","2020-11-18T06:42:24.1938179Z"
"users/11320801519","users/17301813624790060755","2020-11-18T06:42:25.5682403Z"
"users/11320801519","users/17301813626484313522","2020-11-18T06:42:36.7368849Z"
"users/11320801519","users/17301813626689726880","2020-11-18T06:42:37.944924Z"
"users/11320801519","users/11554063944","2020-11-18T06:42:41.4833935Z"
"users/11320801519","users/17301813626691433725","2020-11-18T16:49:38.2250374Z"
"users/11320801519","users/17301813626690416463","2020-11-19T11:34:07.0817223Z"
"users/11320801519","users/6345351591","2020-11-19T11:34:07.5924098Z"
"users/11320801519","users/17301813626052313615","2020-11-19T11:34:08.1027421Z"
"users/11320801519","users/17301813626710848128","2020-11-20T17:11:47.0608919Z"
"users/11320801519","users/11703418104","2020-11-21T05:53:53.6759232Z"
"users/11320801519","users/17301813626139531097","2020-11-21T20:06:36.4071733Z"
"users/11320801519","users/17301813625431790382","2020-11-21T20:06:36.6149488Z"
"users/11320801519","users/17301813626394999869","2020-11-21T20:06:37.3162288Z"
"users/11320801519","users/17301813624027953726","2020-11-22T13:05:03.4738265Z"
"users/11320801519","users/17301813626707792804","2020-11-22T13:05:04.0883694Z"
"users/11320801519","users/9757917115","2020-11-23T17:26:02.4802382Z"
"users/11320801519","users/17301813626686843178","2020-11-23T17:26:03.0748866Z"
"users/11320801519","users/17301813623644378332","2020-11-23T17:26:03.8623336Z"
"users/11320801519","users/11004014278","2020-11-23T17:26:08.5559832Z"
"users/11320801519","users/17301813626731168822","2020-11-23T17:26:12.3974946Z"
"users/11320801519","users/17301813626697263398","2020-11-24T06:22:44.6269029Z"
"users/11320801519","users/5763941378","2020-11-24T06:22:46.4416263Z"
"users/11320801519","users/17301813626737859582","2020-11-24T19:41:17.7986711Z"
"users/11320801519","users/17301813626707401129","2020-11-24T19:41:19.1556326Z"
"users/11320801519","users/158152190","2020-11-26T06:09:48.6791638Z"
"users/11320801519","users/5869511395","2020-11-27T06:16:18.8375789Z"
"users/11320801519","users/17301813626792732710","2020-11-27T16:07:05.4921422Z"
"users/11320801519","users/17301813626441058941","2020-11-29T13:56:09.1893472Z"
"users/11320801519","users/70870140","2020-11-30T19:36:32.0009369Z"
"users/11320801519","users/17301813626490923519","2020-12-04T20:21:28.6727714Z"
"users/11320801519","users/17301813621902393780","2020-12-06T16:03:22.3647229Z"
"users/11320801519","users/17301813626729968507","2020-12-07T06:02:39.0372423Z"
"users/11320801519","users/17301813626896815343","2020-12-14T10:23:49.2782099Z"
"users/11320801519","users/17301813622803437620","2020-12-14T10:23:52.9845749Z"
"users/11320801519","users/17301813626736257280","2020-12-17T17:53:58.90587Z"
"users/11320801519","users/17301813626740915512","2020-12-18T19:21:28.4161976Z"
"users/11320801519","users/17301813626957447589","2020-12-20T17:49:25.7774594Z"
"users/11320801519","users/17301813626680699687","2020-12-20T17:49:28.9167682Z"
"users/11320801519","users/17301813626735500392","2020-12-24T14:44:09.1741552Z"
"users/11320801519","users/6433089351","2020-12-24T14:44:11.4934584Z"
"users/11320801519","users/17301813625719638621","2020-12-24T14:44:12.6668485Z"
"users/11320801519","users/17301813626868451362","2020-12-24T22:55:27.0037914Z"
"users/11320801519","users/17301813626939630251","2020-12-27T17:50:58.6059516Z"
"users/11320801519","users/17301813621359309741","2020-12-31T11:21:07.7899967Z"
"users/11320801519","users/17301813627076886011","2021-01-03T19:06:13.6414974Z"
"users/11320801519","users/17301813623652881845","2021-01-03T19:06:15.7018345Z"
"users/11320801519","users/17301813627097446989","2021-01-06T16:25:23.6395409Z"
"users/11320801519","users/17301813625471924244","2021-01-06T16:25:41.0400922Z"
"users/11320801519","users/17301813627110943697","2021-01-09T17:51:32.3357447Z"
"users/11320801519","users/17301813625783027531","2021-01-10T18:12:01.4490898Z"
"users/11320801519","users/11917569207","2021-01-11T05:39:40.6297489Z"
"users/11320801519","users/17301813627132521226","2021-01-13T19:55:29.917262Z"
"users/11320801519","users/17301813626363130834","2021-01-13T19:55:33.0126Z"
"users/11320801519","users/17301813627126555342","2021-01-15T04:56:11.3990684Z"
"users/11320801519","users/17301813627151330683","2021-01-15T04:56:14.3216967Z"
"users/11320801519","users/17301813625962741368","2021-01-15T04:56:17.8381342Z"
"users/11320801519","users/17301813627068150233","2021-01-16T05:32:53.338137Z"
"users/11320801519","users/17301813627034844703","2021-01-16T12:59:09.7624773Z"
"users/11320801519","users/17301813626541888191","2021-01-16T18:08:40.9959223Z"
"users/11320801519","users/17301813626861861571","2021-01-21T16:43:54.6714002Z"
"users/11320801519","users/17301813623906563663","2021-01-21T16:44:02.1248324Z"
"users/11320801519","users/17301813626857558679","2021-01-21T16:44:04.2675699Z"
"users/11320801519","users/17301813627151363242","2021-01-31T16:17:22.973172Z"
"users/11320801519","users/17301813627151339617","2021-02-03T18:44:37.9826722Z"
"users/11320801519","users/17301813627194796686","2021-02-08T20:51:38.6506989Z"
"users/11320801519","users/17301813627107253614","2021-02-10T19:13:55.3588022Z"
"users/11320801519","users/5417498154","2021-02-14T07:28:07.6710702Z"
"users/11320801519","users/17301813627208898172","2021-02-14T07:28:12.1279518Z"
"users/11320801519","users/5801747023","2021-02-27T15:07:18.9797879Z"
"users/11320801519","users/17301813627386942029","2021-03-17T15:10:15.5745418Z"
"users/11320801519","users/17301813627209935132","2021-04-12T07:38:15.5781861Z"
"users/11320801519","users/17301813627177162163","2021-08-09T16:19:27.0819831Z"
"users/11320801519","users/6163534691","2021-10-04T15:00:48.1123394Z"
"users/11320801519","users/6632546582","2021-10-04T15:00:53.844383Z"
"users/11320801519","users/17301813627212158772","2021-10-04T15:00:54.5322927Z"
"users/11320801519","users/17301813628964410178","2021-10-04T15:00:57.9582801Z"
"users/11320801519","users/17301813624188339959","2021-10-04T15:01:00.0057784Z"
"users/11320801519","users/17301813628955557184","2021-10-04T15:01:00.441648Z"
"users/11320801519","users/17301813626625912355","2021-10-04T15:01:00.8705113Z"
"users/11320801519","users/17301813628791171498","2021-10-04T15:21:09.8785475Z"
"users/11320801519","users/17301813627425062630","2021-10-04T15:21:13.5035309Z"
"users/11320962044","users/6277966888","2018-12-16T09:50:10.1506765Z"
"users/11320962044","users/5681993696","2018-12-16T09:50:22.3530074Z"
"users/11320962044","users/5729894423","2018-12-16T09:50:26.2226465Z"
"users/11320962044","users/6163934101","2018-12-16T09:50:29.0693221Z"
"users/11320962044","users/58065554","2018-12-16T09:50:37.92388Z"
"users/11320962044","users/6174864540","2018-12-16T09:50:46.0842601Z"
"users/11320962044","users/61601662","2018-12-16T09:50:49.1504819Z"
"users/11320962044","users/117174972","2018-12-16T09:51:02.4422099Z"
"users/11320962044","users/11324714516","2018-12-17T07:25:25.3465453Z"
"users/11320981889","users/6679404014","2018-12-19T13:58:16.3923322Z"
"users/11321107725","users/11771160041","2019-11-03T21:09:48.85504Z"
"users/11321107725","users/11928492392","2019-11-03T21:09:52.0701302Z"
"users/11321107725","users/6558606807","2019-11-03T21:09:52.7684881Z"
"users/11321107725","users/17301813622142750790","2019-11-03T21:09:53.1635331Z"
"users/11321107725","users/6455696488","2019-11-03T21:09:55.7497346Z"
"users/11321107725","users/17301813621610936553","2019-11-03T21:09:58.384587Z"
"users/11321107725","users/17301813623060965997","2019-11-03T21:10:06.6694462Z"
"users/11321107725","users/17301813623152541374","2019-11-03T21:10:09.7777657Z"
"users/11321107725","users/17301813622093324944","2019-11-03T21:10:11.2678215Z"
"users/11321107725","users/17301813622113986788","2019-11-03T21:10:11.3870914Z"
"users/11321107725","users/17301813623222083235","2019-11-03T21:10:12.6600359Z"
"users/11321107725","users/70159070","2019-11-03T21:10:17.9801044Z"
"users/11321107725","users/10204595895","2019-11-03T21:10:21.1442256Z"
"users/11321107725","users/6310945870","2019-11-03T21:10:22.0957799Z"
"users/11321107725","users/12570205563","2019-11-03T21:10:23.1434446Z"
"users/11321107725","users/17301813622014381356","2019-11-03T21:10:23.3445463Z"
"users/11321107725","users/88764109","2019-11-03T21:10:28.4112034Z"
"users/11321107725","users/92046084","2019-11-03T21:10:29.2442435Z"
"users/11321107725","users/17301813622057178525","2019-11-03T21:10:30.8957Z"
"users/11321107725","users/11289142865","2019-11-03T21:10:34.3202115Z"
"users/11321107725","users/231211542","2019-11-03T21:10:38.2604Z"
"users/11321107725","users/17301813622072238632","2019-11-03T21:10:50.1000465Z"
"users/11321107725","users/42351369","2019-11-03T21:10:51.4324034Z"
"users/11321107725","users/8019862689","2019-11-03T21:10:52.7569634Z"
"users/11321107725","users/12176543623","2019-11-03T21:10:56.5044636Z"
"users/11321107725","users/6104652736","2019-11-03T21:11:05.6645935Z"
"users/11321107725","users/17301813622032464410","2019-11-03T21:11:08.8914405Z"
"users/11321107725","users/17301813623169745600","2019-11-03T21:11:12.3937053Z"
"users/11321107725","users/17301813622683308566","2019-11-03T21:11:13.1383273Z"
"users/11321107725","users/247379460","2019-11-03T21:11:15.408545Z"
"users/11321107725","users/6298532486","2019-11-03T21:11:18.0303142Z"
"users/11321107725","users/17301813621888590292","2019-11-03T21:11:19.7549319Z"
"users/11321107725","users/11579473082","2019-11-03T21:11:20.8821348Z"
"users/11321107725","users/6004437451","2019-11-03T21:11:23.9362797Z"
"users/11321107725","users/11254871641","2019-11-05T05:04:06.1966438Z"
"users/11321107725","users/17301813622937883679","2019-11-25T04:39:39.4399948Z"
"users/11321107725","users/17301813623410992033","2019-12-04T07:59:55.8617789Z"
"users/11321107725","users/5649251209","2020-01-30T19:42:56.2458148Z"
"users/11321107725","users/17301813623477075008","2020-02-01T11:23:51.276364Z"
"users/11321107725","users/6657189284","2020-02-01T11:23:58.8520976Z"
"users/11321107725","users/17301813624003149192","2020-02-02T08:56:17.7415244Z"
"users/11321107725","users/6073638103","2020-02-12T13:45:10.2292749Z"
"users/11321107725","users/17301813624001853011","2020-02-12T13:45:11.3501431Z"
"users/11321107725","users/17301813624071598168","2020-02-12T13:45:20.2007379Z"
"users/11321107725","users/17301813625002929981","2020-05-01T20:49:46.8797918Z"
"users/11321478072","users/6122576517","2018-12-09T15:00:19.7887398Z"
"users/11321478072","users/11172738093","2019-01-17T14:30:14.5377334Z"
"users/11321479348","users/6122576517","2018-12-09T15:05:11.5120078Z"
"users/11321479348","users/11172738093","2018-12-10T16:25:38.2039582Z"
"users/11321585280","users/17301813627014252927","2021-01-10T00:23:13.9909137Z"
"users/11321585280","users/17301813626929413000","2021-01-10T00:25:39.5074423Z"
"users/11321585280","users/17301813627151334973","2021-01-16T18:25:40.4802929Z"
"users/11321666328","users/11280915938","2018-12-09T15:47:55.0188497Z"
"users/11321666328","users/11316409531","2018-12-15T20:56:34.302322Z"
"users/11321667985","users/11181375644","2018-12-10T19:16:42.8031015Z"
"users/11321667985","users/6608338724","2018-12-10T19:16:52.0830139Z"
"users/11321667985","users/6095447238","2018-12-11T15:26:14.1395283Z"
"users/11321667985","users/11317817411","2018-12-11T15:26:19.0680091Z"
"users/11321667985","users/11319897646","2018-12-12T04:20:12.0928999Z"
"users/11321667985","users/6104652736","2018-12-13T07:04:06.0553945Z"
"users/11321667985","users/6478237253","2018-12-13T15:44:36.7485409Z"
"users/11321667985","users/6327008626","2018-12-13T21:31:26.5438672Z"
"users/11321667985","users/11400559139","2018-12-16T05:08:58.0860937Z"
"users/11321667985","users/11729775587","2019-02-10T06:43:49.8872963Z"
"users/11321676163","users/11317817411","2018-12-11T18:01:39.5502963Z"
"users/11321676163","users/11319897646","2018-12-11T20:39:45.9207472Z"
"users/11321736020","users/11323938123","2018-12-09T17:37:58.6527167Z"
"users/11321736020","users/11239792787","2019-02-16T05:45:39.0309732Z"
"users/11321736020","users/12464913043","2019-04-26T16:36:19.2045946Z"
"users/11321736020","users/6151448918","2019-05-30T12:31:09.9947925Z"
"users/11323483302","users/6608338724","2018-12-11T08:54:51.1764206Z"
"users/11323483302","users/11181375644","2018-12-11T08:54:52.6243155Z"
"users/11323484438","users/6095447238","2018-12-11T02:25:18.4357785Z"
"users/11323484438","users/11317817411","2018-12-13T10:16:59.8818023Z"
"users/11323484438","users/11319897646","2018-12-13T10:17:00.8044511Z"
"users/11323484438","users/6478237253","2018-12-13T15:08:10.8427587Z"
"users/11323484438","users/11400559139","2018-12-17T13:46:21.6089181Z"
"users/11323484438","users/6104652736","2018-12-17T13:46:22.9551336Z"
"users/11323484438","users/63641220","2018-12-17T13:46:25.4725412Z"
"users/11323484438","users/6741806120","2018-12-17T13:46:26.7192505Z"
"users/11323484438","users/10571349825","2018-12-17T13:46:29.8330523Z"
"users/11323484438","users/11429921231","2018-12-19T01:47:59.4808423Z"
"users/11323484438","users/6327008626","2018-12-19T18:58:26.60859Z"
"users/11323484438","users/11320801519","2018-12-19T18:58:27.0459242Z"
"users/11323484438","users/6679404014","2018-12-19T18:58:27.5774429Z"
"users/11323484438","users/9964942496","2018-12-22T13:02:44.2867649Z"
"users/11323484438","users/257292747","2018-12-22T13:02:48.023579Z"
"users/11323484438","users/11206156472","2018-12-22T13:02:49.3535107Z"
"users/11323779449","users/11319897646","2018-12-12T00:14:50.6071426Z"
"users/11323779449","users/6095447238","2018-12-12T00:14:54.6115727Z"
"users/11323779449","users/11317817411","2018-12-12T00:15:04.3923422Z"
"users/11323938123","users/11321736020","2018-12-09T17:39:24.5268205Z"
"users/11324000272","users/136569457","2018-12-09T17:54:33.0851992Z"
"users/11324000272","users/6277966888","2018-12-09T17:54:42.4386677Z"
"users/11324115416","users/6255786560","2018-12-09T18:06:33.9725985Z"
"users/11324471904","users/5560848957","2018-12-11T16:11:38.6536601Z"
"users/11324517406","users/63641220","2018-12-26T09:14:15.2395044Z"
"users/11324517406","users/11400559139","2018-12-26T09:17:05.3460634Z"
"users/11324517406","users/11429921231","2018-12-26T09:17:06.3791427Z"
"users/11324517406","users/6095447238","2018-12-26T09:17:07.1452538Z"
"users/11324517406","users/10475997330","2018-12-26T09:17:13.8009509Z"
"users/11324517406","users/257292747","2018-12-26T09:17:22.132614Z"
"users/11324517406","users/11754728256","2019-01-16T17:11:55.5884439Z"
"users/11324517406","users/10767441792","2019-02-24T14:31:37.2749492Z"
"users/11324517406","users/6227474036","2019-02-24T14:31:38.2770989Z"
"users/11324517406","users/11868358192","2019-02-24T14:31:39.3540452Z"
"users/11324517406","users/11443892047","2019-02-24T14:31:39.9007299Z"
"users/11324517406","users/6104652736","2019-02-24T14:31:42.3460025Z"
"users/11324517406","users/11460261397","2019-02-24T14:31:42.9085648Z"
"users/11324517406","users/5560848957","2019-02-24T14:31:44.4820614Z"
"users/11324517406","users/12192597040","2019-02-24T14:31:44.6541946Z"
"users/11324517406","users/10165182334","2019-02-24T14:31:45.5312883Z"
"users/11324517406","users/11689922453","2019-02-24T14:31:46.6553378Z"
"users/11324517406","users/9367811088","2019-02-24T14:31:48.2336537Z"
"users/11324517406","users/11506769370","2019-02-24T14:31:49.713763Z"
"users/11324517406","users/10571349825","2019-02-24T14:31:52.7345904Z"
"users/11324517406","users/12004681048","2019-03-16T15:25:38.5510816Z"
"users/11324517406","users/12165137454","2019-04-25T16:47:15.306711Z"
"users/11324517406","users/12741944169","2019-05-22T21:11:14.9639156Z"
"users/11324517406","users/6455696488","2019-06-27T06:44:24.1700568Z"
"users/11324517406","users/17301813621888590292","2019-06-27T06:44:25.9752289Z"
"users/11324517406","users/6310945870","2019-06-27T06:44:32.8760461Z"
"users/11324517406","users/17301813621911301638","2019-06-27T06:44:37.5560301Z"
"users/11324517406","users/10204595895","2019-06-27T06:44:37.8745668Z"
"users/11324517406","users/17301813621771270770","2019-06-27T06:44:39.524804Z"
"users/11324517406","users/17301813622060812344","2019-06-27T06:44:41.3430046Z"
"users/11324517406","users/92046084","2019-06-27T06:44:46.6803808Z"
"users/11324517406","users/9917201037","2019-06-27T06:44:48.1182178Z"
"users/11324517406","users/12708127910","2019-06-27T06:44:53.0664227Z"
"users/11324517406","users/11547977241","2019-06-27T06:44:55.4290467Z"
"users/11324517406","users/12817091851","2019-06-27T06:45:05.2210868Z"
"users/11324517406","users/12778781317","2019-06-27T06:45:05.7398808Z"
"users/11324517406","users/64627354","2019-06-27T06:45:06.7099647Z"
"users/11324517406","users/12291076138","2019-06-27T06:45:11.8349094Z"
"users/11324517406","users/11357282567","2019-06-27T06:45:13.3606546Z"
"users/11324517406","users/12339828113","2019-06-27T06:45:15.2565766Z"
"users/11324517406","users/12366037695","2019-06-27T06:45:18.3194213Z"
"users/11324517406","users/88018806","2019-06-27T06:45:20.3932435Z"
"users/11324517406","users/12254092817","2019-06-27T06:45:21.9598136Z"
"users/11324517406","users/11928492392","2019-06-27T06:45:22.6161347Z"
"users/11324517406","users/11840386996","2019-06-27T06:45:24.2254616Z"
"users/11324517406","users/17301813622142750790","2019-07-03T20:12:01.0942597Z"
"users/11324517406","users/17301813622113986788","2019-07-03T20:12:04.9146661Z"
"users/11324517406","users/17301813622057178525","2019-07-03T20:12:09.0620361Z"
"users/11324517406","users/11579473082","2019-09-30T20:57:47.2277623Z"
"users/11324517406","users/17301813621610936553","2019-09-30T20:57:48.337254Z"
"users/11324517406","users/17301813622432246530","2019-09-30T20:57:59.9161894Z"
"users/11324517406","users/17301813622439720477","2019-09-30T20:58:01.0795495Z"
"users/11324517406","users/17301813622434435479","2019-09-30T20:58:03.2192009Z"
"users/11324517406","users/6558606807","2019-09-30T20:58:04.2392861Z"
"users/11324517406","users/5866481257","2019-09-30T20:58:14.7248102Z"
"users/11324517406","users/6470456950","2019-09-30T20:58:15.9280138Z"
"users/11324517406","users/17301813621707365736","2019-09-30T20:58:16.109498Z"
"users/11324517406","users/6576201503","2019-09-30T20:58:19.741814Z"
"users/11324517406","users/12338114409","2019-09-30T20:58:29.1756342Z"
"users/11324517406","users/17301813622179976832","2019-09-30T20:58:35.6655692Z"
"users/11324517406","users/17301813622093324944","2019-09-30T20:58:37.6854156Z"
"users/11324517406","users/17301813623106435934","2019-10-19T19:59:55.7455992Z"
"users/11324517406","users/5681763574","2019-10-22T15:50:56.2009335Z"
"users/11324517406","users/17301813621614964195","2019-10-22T15:51:04.887483Z"
"users/11324517406","users/17301813623123020688","2019-10-27T11:16:44.4787304Z"
"users/11324517406","users/17301813623168907707","2019-11-08T14:43:58.6563153Z"
"users/11324517406","users/11694313914","2019-11-11T09:26:31.3859031Z"
"users/11324517406","users/17301813623171493331","2019-11-12T16:56:31.9624662Z"
"users/11324517406","users/17301813623339365154","2019-11-16T21:35:31.5879202Z"
"users/11324517406","users/17301813623394724081","2019-11-25T08:51:49.1450033Z"
"users/11324517406","users/17301813623384591448","2019-11-25T08:51:50.7609704Z"
"users/11324517406","users/17301813623567391582","2019-12-15T17:51:37.8652966Z"
"users/11324517406","users/10403512370","2019-12-15T17:51:41.3585815Z"
"users/11324517406","users/17301813623347877347","2019-12-15T17:51:46.4400513Z"
"users/11324517406","users/17301813623445595236","2019-12-15T17:51:47.311307Z"
"users/11324517406","users/17301813622703214386","2019-12-15T17:51:48.6427646Z"
"users/11324517406","users/17301813623359987725","2019-12-15T17:51:48.7954652Z"
"users/11324517406","users/17301813622600899249","2019-12-15T17:51:51.5801448Z"
"users/11324517406","users/17301813623212923564","2020-01-11T16:45:39.1226533Z"
"users/11324517406","users/6189243439","2020-01-11T16:45:49.4228626Z"
"users/11324517406","users/6386629317","2020-01-11T16:56:19.9128073Z"
"users/11324517406","users/17301813624003149192","2020-02-02T13:33:26.7826682Z"
"users/11324517406","users/17301813622777085093","2020-02-02T13:33:35.9253638Z"
"users/11324517406","users/17301813623905831079","2020-02-02T13:33:37.5409153Z"
"users/11324517406","users/12035572757","2020-02-02T13:33:40.5256426Z"
"users/11324517406","users/17301813623652881845","2020-02-02T13:33:40.7461184Z"
"users/11324517406","users/17301813623833669329","2020-02-19T12:51:04.2902615Z"
"users/11324517406","users/17301813624024269995","2020-02-19T12:51:17.0043235Z"
"users/11324517406","users/17301813622497744839","2020-03-04T13:25:21.6171128Z"
"users/11324517406","users/11181375644","2020-03-04T13:26:34.7657017Z"
"users/11324517406","users/17301813624231515567","2020-03-27T12:14:09.1144026Z"
"users/11324517406","users/17301813624454968734","2020-03-27T12:14:13.3383434Z"
"users/11324517406","users/17301813624446812229","2020-03-27T12:14:15.5935441Z"
"users/11324517406","users/12448178136","2020-03-27T12:14:21.3388213Z"
"users/11324517406","users/17301813623062437705","2020-03-28T11:01:54.1969133Z"
"users/11324517406","users/17301813625191802265","2020-06-23T13:02:49.6493492Z"
"users/11324517406","users/17301813625196519869","2020-06-23T13:02:54.2410725Z"
"users/11324517406","users/17301813624102542889","2020-06-23T13:02:56.6524574Z"
"users/11324517406","users/17301813625129884067","2020-06-23T13:02:57.8863543Z"
"users/11324517406","users/12737861952","2020-06-23T13:03:01.7662511Z"
"users/11324517406","users/143991955","2020-06-23T13:03:07.9166152Z"
"users/11324517406","users/6407327966","2020-06-23T13:03:09.5962812Z"
"users/11324517406","users/17301813624697561447","2020-06-23T13:03:15.1114633Z"
"users/11324517406","users/17301813624722657922","2020-06-23T13:03:18.3889901Z"
"users/11324517406","users/12524506045","2020-07-07T18:39:32.2335685Z"
"users/11324517406","users/17301813625196452810","2020-07-07T18:39:34.7361554Z"
"users/11324517406","users/17301813623800451196","2020-07-07T18:39:38.5131931Z"
"users/11324517406","users/210638402","2020-07-26T15:28:31.0943752Z"
"users/11324517406","users/17301813625438065867","2020-08-26T07:30:49.1789678Z"
"users/11324517406","users/12449185041","2020-08-26T07:30:52.1479352Z"
"users/11324517406","users/17301813625854212521","2020-08-26T07:30:53.3682235Z"
"users/11324517406","users/70159070","2020-08-26T07:30:54.0565683Z"
"users/11324517406","users/17301813625913763227","2020-08-26T07:30:54.6367086Z"
"users/11324517406","users/17301813625252362612","2020-09-03T06:42:57.8610459Z"
"users/11324517406","users/17301813624829579758","2020-12-29T14:17:28.5865485Z"
"users/11324517406","users/11288254237","2020-12-30T19:20:55.4716002Z"
"users/11324517406","users/17301813627076886011","2021-01-04T10:43:04.9989228Z"
"users/11324517406","users/12105259614","2021-01-04T10:43:08.0772544Z"
"users/11324597437","users/17301813627451435093","2021-10-04T18:00:16.6229346Z"
"users/11324714516","users/11320962044","2018-12-10T06:40:08.580036Z"
"users/11325536281","users/6608338724","2018-12-10T15:10:52.334661Z"
"users/11325834598","users/11326187324","2018-12-10T21:07:54.5819751Z"
"users/11325834598","users/6241485374","2018-12-10T21:07:57.8922794Z"
"users/11325834598","users/11317817411","2018-12-18T19:20:01.53283Z"
"users/11325834598","users/6478237253","2018-12-18T19:20:02.5205331Z"
"users/11325834598","users/10571349825","2019-01-04T11:39:23.9801957Z"
"users/11325834598","users/11181375644","2019-01-04T11:39:24.3551936Z"
"users/11325834598","users/6679404014","2019-01-04T11:39:32.8732593Z"
"users/11325834598","users/11400559139","2019-01-04T11:39:33.5451986Z"
"users/11325834598","users/6104652736","2019-01-04T11:39:39.2191104Z"
"users/11326072527","users/136569457","2018-12-09T20:57:00.7964047Z"
"users/11326072527","users/10547601730","2018-12-09T20:57:02.4743256Z"
"users/11326072527","users/6277966888","2018-12-09T20:57:15.7793032Z"
"users/11326072527","users/6471829455","2018-12-09T20:57:20.0631999Z"
"users/11326072527","users/79216239","2018-12-09T20:57:32.5897945Z"
"users/11326072527","users/6277967509","2018-12-09T20:57:33.4116506Z"
"users/11326072527","users/10563264052","2018-12-09T20:57:40.1622094Z"
"users/11326072527","users/5679916866","2018-12-09T20:57:41.1154349Z"
"users/11326072527","users/10313960702","2018-12-09T20:57:47.6893734Z"
"users/11326072527","users/11243597239","2018-12-09T20:57:49.3307201Z"
"users/11326072527","users/10549564882","2018-12-09T20:57:49.8520506Z"
"users/11326072527","users/10599774777","2018-12-09T20:57:50.6693361Z"
"users/11326072527","users/6508929851","2018-12-09T20:57:51.7011967Z"
"users/11326072527","users/62598706","2018-12-09T20:57:54.3286878Z"
"users/11326072527","users/244767131","2018-12-09T20:57:54.553978Z"
"users/11326072527","users/10571349825","2018-12-09T20:57:59.3637792Z"
"users/11326072527","users/138686119","2018-12-09T20:57:59.9292689Z"
"users/11326072527","users/9900346037","2018-12-09T20:58:00.4421911Z"
"users/11326072527","users/10634237412","2018-12-09T20:58:03.6892886Z"
"users/11326072527","users/61556560","2018-12-09T20:58:06.3123094Z"
"users/11326072527","users/11315335863","2018-12-09T20:58:08.3688831Z"
"users/11326072527","users/9692730970","2018-12-09T20:58:10.0650994Z"
"users/11326072527","users/190676914","2018-12-09T20:58:15.6344024Z"
"users/11326072527","users/11181375644","2018-12-09T20:58:16.4634207Z"
"users/11326072527","users/6576829811","2018-12-09T20:58:17.5103941Z"
"users/11326072527","users/11257622997","2018-12-09T20:58:18.3932741Z"
"users/11326072527","users/5798395051","2018-12-09T20:58:18.6310283Z"
"users/11326072527","users/5628647901","2018-12-09T20:58:19.6588747Z"
"users/11326072527","users/577358982","2018-12-09T20:58:19.9557428Z"
"users/11326072527","users/11018312956","2018-12-09T20:58:25.8888647Z"
"users/11326072527","users/6219383153","2018-12-09T20:58:26.822186Z"
"users/11326072527","users/7744259746","2018-12-09T20:58:28.9811813Z"
"users/11326072527","users/11199252919","2018-12-09T20:58:31.2991831Z"
"users/11326072527","users/10823855970","2018-12-09T20:58:33.4741045Z"
"users/11326072527","users/6177541003","2018-12-09T20:58:34.782735Z"
"users/11326072527","users/6275619209","2018-12-09T20:58:35.5214689Z"
"users/11326072527","users/10869954907","2018-12-09T20:58:36.9433978Z"
"users/11326072527","users/9782888102","2018-12-09T20:58:41.9646098Z"
"users/11326072527","users/6589437143","2018-12-09T20:59:05.5082306Z"
"users/11326072527","users/5755615300","2018-12-09T20:59:08.3210214Z"
"users/11326072527","users/6154974160","2018-12-09T20:59:10.3333745Z"
"users/11326072527","users/8812804494","2018-12-09T20:59:18.1492978Z"
"users/11326072527","users/239495346","2018-12-09T20:59:19.7619289Z"
"users/11326072527","users/531905838","2018-12-09T20:59:21.5661985Z"
"users/11326072527","users/5793220835","2018-12-09T20:59:28.2467775Z"
"users/11326072527","users/10524658472","2018-12-09T20:59:29.8227076Z"
"users/11326072527","users/6272285942","2018-12-09T20:59:31.7241937Z"
"users/11326072527","users/5635707946","2018-12-09T20:59:35.9197564Z"
"users/11326072527","users/10547600906","2018-12-09T20:59:36.7011393Z"
"users/11326072527","users/10745302727","2018-12-09T20:59:38.8169513Z"
"users/11326072527","users/10812677150","2018-12-09T20:59:43.842518Z"
"users/11326072527","users/6213539157","2018-12-09T20:59:46.5133763Z"
"users/11326072527","users/10453502194","2018-12-09T20:59:47.427151Z"
"users/11326072527","users/6091895479","2018-12-09T20:59:53.813184Z"
"users/11326072527","users/11157480281","2018-12-09T20:59:56.9478483Z"
"users/11326072527","users/10784013895","2018-12-09T20:59:57.2051792Z"
"users/11326072527","users/105710828","2018-12-09T20:59:57.6423464Z"
"users/11326072527","users/5626650262","2018-12-09T21:00:02.2683149Z"
"users/11326072527","users/5824036890","2018-12-09T21:00:05.679664Z"
"users/11326072527","users/10855139936","2018-12-09T21:00:06.1237515Z"
"users/11326072527","users/10969332172","2018-12-09T21:00:06.4514934Z"
"users/11326072527","users/11101859903","2018-12-09T21:00:08.7097713Z"
"users/11326072527","users/6474812922","2018-12-09T21:00:09.0893401Z"
"users/11326072527","users/10629175064","2018-12-09T21:00:09.2566101Z"
"users/11326072527","users/6167845552","2018-12-09T21:00:15.2827888Z"
"users/11326072527","users/121294999","2018-12-09T21:00:15.7999317Z"
"users/11326072527","users/5589262194","2018-12-09T21:00:19.6456652Z"
"users/11326072527","users/6255982292","2018-12-09T21:00:20.9412786Z"
"users/11326072527","users/6735035119","2018-12-09T21:00:21.4881767Z"
"users/11326072527","users/11231337122","2018-12-09T21:00:22.6239485Z"
"users/11326072527","users/6277968160","2018-12-09T21:00:27.9250447Z"
"users/11326072527","users/10153101547","2018-12-09T21:00:28.3642427Z"
"users/11326072527","users/6231961744","2018-12-09T21:00:28.6958777Z"
"users/11326072527","users/5496006773","2018-12-09T21:00:34.8380359Z"
"users/11326072527","users/11200262180","2018-12-09T21:00:42.4176063Z"
"users/11326072527","users/6224759579","2018-12-09T21:00:45.2053767Z"
"users/11326072527","users/11261110518","2018-12-09T21:00:47.3059086Z"
"users/11326072527","users/11194919214","2018-12-09T21:00:47.6027862Z"
"users/11326072527","users/10355548448","2018-12-09T21:00:49.5046549Z"
"users/11326187324","users/6241485374","2018-12-10T19:55:28.9597096Z"
"users/11326187324","users/11325834598","2018-12-10T21:08:24.3562841Z"
"users/11326187324","users/11429921231","2018-12-18T21:30:09.425939Z"
"users/11326187324","users/6478237253","2018-12-18T22:34:25.5899644Z"
"users/11326187324","users/6679404014","2018-12-19T06:29:26.4549605Z"
"users/11326187324","users/239495346","2018-12-19T06:29:27.2519015Z"
"users/11326187324","users/6327008626","2018-12-19T19:21:23.6327119Z"
"users/11326187324","users/5703526629","2018-12-19T19:21:23.9147797Z"
"users/11326187324","users/11083097048","2018-12-19T19:21:28.8622522Z"
"users/11326187324","users/11320801519","2018-12-19T19:21:30.0336547Z"
"users/11326187324","users/10165182334","2018-12-20T14:46:28.7199225Z"
"users/11326187324","users/11400559139","2018-12-20T16:33:28.0019551Z"
"users/11326187324","users/63641220","2018-12-26T10:25:59.3737997Z"
"users/11326187324","users/11181375644","2018-12-26T10:26:08.8407483Z"
"users/11326187324","users/10863531023","2018-12-26T10:26:15.5006808Z"
"users/11326187324","users/10599774777","2018-12-26T10:26:19.0891688Z"
"users/11326187324","users/257292747","2019-01-03T22:42:36.1077483Z"
"users/11326187324","users/6104652736","2019-01-06T22:36:04.7061441Z"
"users/11326187324","users/11328930708","2019-01-08T16:57:46.8277219Z"
"users/11326187324","users/6095447238","2019-01-08T16:57:47.6577166Z"
"users/11326187324","users/10571349825","2019-01-08T16:57:48.0640129Z"
"users/11326187324","users/11466974028","2019-01-08T16:57:49.0955743Z"
"users/11326187324","users/10475997330","2019-01-08T16:57:50.8459215Z"
"users/11326187324","users/11473206504","2019-01-11T06:32:49.3237774Z"
"users/11326187324","users/11698539099","2019-01-11T06:32:51.5895103Z"
"users/11326187324","users/11687106500","2019-01-11T20:30:00.548821Z"
"users/11326187324","users/10638827505","2019-01-11T20:30:25.5484375Z"
"users/11326187324","users/11673531434","2019-01-12T19:51:28.1935044Z"
"users/11326187324","users/11720109485","2019-01-15T00:28:53.3472625Z"
"users/11326187324","users/11682150628","2019-01-17T21:32:36.5826092Z"
"users/11326187324","users/5750502924","2019-01-18T14:21:03.1607139Z"
"users/11326187324","users/11620566540","2019-01-18T14:21:03.5668186Z"
"users/11326187324","users/11733950649","2019-01-18T14:21:04.0982929Z"
"users/11326187324","users/11733942773","2019-01-18T14:21:04.9116781Z"
"users/11326187324","users/11488626518","2019-01-18T14:21:05.8807448Z"
"users/11326187324","users/10671488837","2019-01-18T14:21:06.5525045Z"
"users/11326187324","users/11720946899","2019-01-19T12:37:53.7041969Z"
"users/11326187324","users/11779008824","2019-01-19T12:37:54.3608548Z"
"users/11326187324","users/6741806120","2019-01-19T19:41:31.8101225Z"
"users/11326187324","users/11609354727","2019-01-19T21:25:14.7306942Z"
"users/11326187324","users/11559432510","2019-01-28T21:58:35.1849158Z"
"users/11326187324","users/9367811088","2019-01-28T21:59:15.1209909Z"
"users/11326187324","users/11868358192","2019-02-01T22:40:29.7199284Z"
"users/11326187324","users/11688092453","2019-02-06T19:36:49.4405995Z"
"users/11326187324","users/6227474036","2019-02-12T16:42:07.09127Z"
"users/11326187324","users/6220214005","2019-02-12T16:42:07.3888715Z"
"users/11326271415","users/10914374121","2018-12-09T21:15:20.5957426Z"
"users/11326271415","users/6275619209","2018-12-09T21:15:25.5778589Z"
"users/11326271415","users/36294983","2018-12-09T21:15:26.187291Z"
"users/11326271415","users/176217878","2018-12-09T21:15:26.8279819Z"
"users/11326271415","users/9782581882","2018-12-09T21:15:31.3250013Z"
"users/11326271415","users/62598706","2018-12-09T21:15:32.6999244Z"
"users/11326271415","users/10577221380","2018-12-09T21:15:34.8559875Z"
"users/11326271415","users/8211380018","2018-12-09T21:15:39.0116162Z"
"users/11326271415","users/6054114005","2018-12-09T21:15:40.7220906Z"
"users/11326271415","users/12716650962","2019-10-27T01:49:16.9974387Z"
"users/11326271415","users/7211976011","2019-10-27T01:49:23.3288356Z"
"users/11326271415","users/17301813622683308566","2019-10-27T22:24:14.5332428Z"
"users/11326271415","users/17301813622072238632","2019-10-27T22:24:15.2974391Z"
"users/11326299168","users/5793220835","2019-03-11T09:01:20.8510473Z"
"users/11326300318","users/11269810865","2018-12-09T21:30:07.6092352Z"
"users/11326305445","users/11286088692","2018-12-09T21:17:47.1250753Z"
"users/11326419605","users/10077779846","2018-12-09T21:31:58.5741957Z"
"users/11326419605","users/10574123010","2018-12-09T21:35:21.958613Z"
"users/11326419605","users/10571349825","2018-12-09T21:35:26.6752325Z"
"users/11326489307","users/10022164082","2018-12-09T22:07:20.2892093Z"
"users/11326489307","users/11319897646","2018-12-11T21:57:25.8794359Z"
"users/11326489307","users/11317817411","2018-12-11T21:57:28.8624906Z"
"users/11326520820","users/6095447238","2018-12-11T08:16:50.3406086Z"
"users/11326520820","users/6741806120","2018-12-11T10:35:53.9097753Z"
"users/11326520820","users/6327008626","2018-12-11T16:25:30.9384627Z"
"users/11326520820","users/11317817411","2018-12-11T17:34:46.3742589Z"
"users/11326520820","users/11134992775","2018-12-11T17:35:04.8521036Z"
"users/11326520820","users/10863531023","2019-01-11T16:10:46.4201756Z"
"users/11326520820","users/11181375644","2019-01-11T16:10:47.4546835Z"
"users/11326520820","users/6679404014","2019-01-11T16:10:50.7564758Z"
"users/11326520820","users/11429921231","2019-01-11T16:10:55.2426177Z"
"users/11326520820","users/11361399138","2019-01-11T16:11:08.9610264Z"
"users/11326520820","users/11320801519","2019-01-11T16:11:29.3742459Z"
"users/11326520820","users/11620566540","2019-01-24T11:00:57.9840693Z"
"users/11326520820","users/9367811088","2019-01-24T11:00:59.4249614Z"
"users/11326541691","users/136569457","2018-12-09T21:59:53.1693954Z"
"users/11326541691","users/10022164082","2018-12-10T02:35:18.1530156Z"
"users/11326541691","users/5435823602","2018-12-10T02:40:32.9247179Z"
"users/11326541691","users/11121530233","2018-12-10T02:40:33.7841896Z"
"users/11326541691","users/11198301508","2018-12-10T02:40:36.4911072Z"
"users/11326541691","users/62598706","2018-12-10T02:40:36.6631647Z"
"users/11326541691","users/10577221380","2018-12-10T02:40:37.433914Z"
"users/11326541691","users/6277966888","2018-12-10T02:40:56.8994141Z"
"users/11326541691","users/6636789100","2018-12-10T02:40:58.5899203Z"
"users/11326541691","users/10524658472","2018-12-10T02:41:41.4100004Z"
"users/11326541691","users/11240050443","2018-12-10T02:42:05.090391Z"
"users/11326541691","users/6201955014","2018-12-10T02:44:21.0327168Z"
"users/11326541691","users/11317817411","2018-12-18T16:13:33.5718558Z"
"users/11326541691","users/6478237253","2018-12-18T16:13:40.833744Z"
"users/11326541691","users/244767131","2018-12-18T16:13:45.852109Z"
"users/11326541691","users/5764574358","2018-12-18T16:14:13.4023714Z"
"users/11326541691","users/6589437143","2018-12-18T16:14:35.8060656Z"
"users/11326541691","users/10547601730","2018-12-18T16:14:44.2622243Z"
"users/11326541691","users/5480634563","2018-12-18T16:15:03.419502Z"
"users/11326541691","users/79216239","2018-12-18T16:15:11.8840504Z"
"users/11326541691","users/32280400","2018-12-18T16:16:06.435487Z"
"users/11326541691","users/11320801519","2018-12-18T16:16:06.7997393Z"
"users/11326541691","users/11397689183","2018-12-18T16:16:08.730695Z"
"users/11326541691","users/5589262194","2018-12-18T16:16:10.3403862Z"
"users/11326541691","users/10151954266","2018-12-18T16:16:13.6555697Z"
"users/11326541691","users/11239792787","2018-12-18T16:16:18.9518397Z"
"users/11326541691","users/6424850976","2018-12-18T16:16:32.015109Z"
"users/11326541691","users/5755615300","2018-12-18T16:16:35.186829Z"
"users/11326541691","users/6115998584","2018-12-18T16:16:41.6134935Z"
"users/11326541691","users/11400559139","2018-12-18T16:34:09.5712161Z"
"users/11326541691","users/6608338724","2018-12-18T16:34:25.1162964Z"
"users/11326541691","users/63641220","2018-12-18T16:35:50.8653747Z"
"users/11326541691","users/6327008626","2018-12-18T16:36:03.5307792Z"
"users/11326541691","users/6741806120","2018-12-18T16:36:18.2874344Z"
"users/11326541691","users/10599774777","2018-12-18T16:36:37.5506766Z"
"users/11326541691","users/10571349825","2018-12-18T16:36:49.7593077Z"
"users/11326541691","users/6095447238","2018-12-18T16:37:31.7595471Z"
"users/11326541691","users/11341476332","2018-12-22T16:21:15.4383108Z"
"users/11326541691","users/10475997330","2018-12-22T16:21:59.7149899Z"
"users/11326541691","users/257292747","2018-12-22T16:22:45.8742201Z"
"users/11326541691","users/5703526629","2018-12-22T16:23:22.5526554Z"
"users/11326541691","users/10863531023","2018-12-22T16:24:46.1957099Z"
"users/11326541691","users/224539566","2018-12-22T16:24:55.8419331Z"
"users/11326541691","users/11408552375","2018-12-22T16:25:38.9905359Z"
"users/11326541691","users/6252964936","2018-12-22T16:25:49.9500298Z"
"users/11326541691","users/11328930708","2019-01-01T23:54:51.9645467Z"
"users/11326541691","users/11460261397","2019-01-01T23:54:52.1832674Z"
"users/11326544839","users/11338025763","2018-12-12T15:48:05.3463Z"
"users/11326544839","users/6104652736","2018-12-13T08:04:28.0880128Z"
"users/11326544839","users/11374908088","2019-01-03T16:54:01.163874Z"
"users/11326864301","users/10599774777","2018-12-13T00:35:17.0126947Z"
"users/11326864301","users/11317817411","2018-12-13T00:35:26.5847525Z"
"users/11326864301","users/6104652736","2018-12-13T21:14:45.2826348Z"
"users/11327282306","users/11317817411","2018-12-14T23:57:24.4592099Z"
"users/11327282306","users/6478237253","2018-12-14T23:57:26.6322798Z"
"users/11327282306","users/10599774777","2018-12-14T23:57:27.0879658Z"
"users/11327316942","users/11319897646","2018-12-14T13:20:16.9972321Z"
"users/11327316942","users/11317817411","2018-12-14T13:20:19.0286694Z"
"users/11327394831","users/136569457","2018-12-09T23:43:33.0410653Z"
"users/11327394831","users/6589437143","2018-12-09T23:44:40.8477715Z"
"users/11327394831","users/6277966888","2018-12-09T23:44:44.4447592Z"
"users/11327394831","users/5755615300","2018-12-09T23:44:47.0007113Z"
"users/11327394831","users/6154974160","2018-12-09T23:44:51.6136324Z"
"users/11327394831","users/6471829455","2018-12-09T23:44:56.8823941Z"
"users/11327394831","users/32280400","2018-12-09T23:45:03.3832616Z"
"users/11327394831","users/79216239","2018-12-09T23:45:05.7027903Z"
"users/11327394831","users/72906113","2018-12-09T23:45:06.0708555Z"
"users/11327394831","users/6277967509","2018-12-09T23:45:08.0646365Z"
"users/11327394831","users/9979540816","2018-12-09T23:45:08.5878771Z"
"users/11327394831","users/531905838","2018-12-09T23:45:13.8238015Z"
"users/11327394831","users/11315335863","2018-12-09T23:45:18.9747336Z"
"users/11327394831","users/10549564882","2018-12-09T23:45:22.0641127Z"
"users/11327394831","users/5793220835","2018-12-09T23:45:22.22089Z"
"users/11327394831","users/11176221911","2018-12-09T23:45:24.7517288Z"
"users/11327394831","users/10479301210","2018-12-09T23:45:29.3019264Z"
"users/11327394831","users/244767131","2018-12-09T23:45:33.7444208Z"
"users/11327394831","users/5794105157","2018-12-09T23:45:41.9025308Z"
"users/11327394831","users/10745302727","2018-12-09T23:45:46.4542814Z"
"users/11327394831","users/5798395051","2018-12-09T23:45:50.2902854Z"
"users/11327394831","users/6213539157","2018-12-09T23:45:50.445535Z"
"users/11327394831","users/10812677150","2018-12-09T23:45:50.8654332Z"
"users/11327394831","users/6576829811","2018-12-09T23:45:52.690585Z"
"users/11327394831","users/577358982","2018-12-09T23:45:57.9117682Z"
"users/11327394831","users/5628647901","2018-12-09T23:45:58.2991098Z"
"users/11327394831","users/11151487582","2018-12-09T23:45:59.8888639Z"
"users/11327394831","users/11244184249","2018-12-09T23:46:02.0537163Z"
"users/11327394831","users/11239792787","2018-12-09T23:46:08.1792701Z"
"users/11327394831","users/5438149535","2018-12-09T23:46:13.9873395Z"
"users/11327394831","users/11300161712","2018-12-09T23:46:15.3845219Z"
"users/11327394831","users/6596475564","2018-12-09T23:46:20.0423184Z"
"users/11327394831","users/11157480281","2018-12-09T23:46:22.5110138Z"
"users/11327394831","users/6091895479","2018-12-09T23:46:25.7731163Z"
"users/11327394831","users/5824036890","2018-12-09T23:46:26.198139Z"
"users/11327394831","users/143797027","2018-12-09T23:46:27.0562792Z"
"users/11327394831","users/10784013895","2018-12-09T23:46:28.9072055Z"
"users/11327394831","users/105710828","2018-12-09T23:46:29.1447443Z"
"users/11327394831","users/5626650262","2018-12-09T23:46:33.1114463Z"
"users/11327394831","users/6451350926","2018-12-09T23:46:36.2117999Z"
"users/11327394831","users/10629175064","2018-12-09T23:46:42.688576Z"
"users/11327394831","users/6474812922","2018-12-09T23:46:43.3675904Z"
"users/11327394831","users/6310418076","2018-12-09T23:46:43.6993941Z"
"users/11327394831","users/121294999","2018-12-09T23:46:45.476405Z"
"users/11327394831","users/6167845552","2018-12-09T23:46:47.5518932Z"
"users/11327394831","users/10277187845","2018-12-09T23:46:49.7964228Z"
"users/11327394831","users/10547600608","2018-12-09T23:46:52.6117857Z"
"users/11327394831","users/6735035119","2018-12-09T23:46:55.8317394Z"
"users/11327394831","users/6255982292","2018-12-09T23:46:56.0348862Z"
"users/11327394831","users/5806843349","2018-12-09T23:46:56.2649607Z"
"users/11327394831","users/69557931","2018-12-09T23:46:56.4758213Z"
"users/11327394831","users/10851007535","2018-12-09T23:46:56.6633807Z"
"users/11327394831","users/11231337122","2018-12-09T23:47:00.2506979Z"
"users/11327394831","users/6231961744","2018-12-09T23:47:02.1796117Z"
"users/11327394831","users/10153101547","2018-12-09T23:47:02.4140012Z"
"users/11327394831","users/5496006773","2018-12-09T23:47:04.4768464Z"
"users/11327394831","users/10018144336","2018-12-09T23:47:07.1084743Z"
"users/11327394831","users/11200262180","2018-12-09T23:47:13.3786009Z"
"users/11327394831","users/11194919214","2018-12-09T23:47:19.2021993Z"
"users/11327394831","users/11261110518","2018-12-09T23:47:19.4506138Z"
"users/11327394831","users/6224759579","2018-12-09T23:47:20.4835814Z"
"users/11327394831","users/6073674195","2018-12-09T23:47:23.6959812Z"
"users/11327394831","users/10476280668","2018-12-09T23:47:24.3242782Z"
"users/11327394831","users/10584301264","2018-12-09T23:47:24.3725527Z"
"users/11327394831","users/10355548448","2018-12-09T23:47:24.6421107Z"
"users/11327394831","users/11225634682","2018-12-09T23:47:29.6490989Z"
"users/11327394831","users/11239295980","2018-12-09T23:47:34.7684907Z"
"users/11327394831","users/9797685780","2018-12-09T23:47:38.5930244Z"
"users/11327394831","users/6132767409","2018-12-09T23:47:39.5249644Z"
"users/11327394831","users/11280915938","2018-12-09T23:48:42.7738252Z"
"users/11327394831","users/10022164082","2018-12-09T23:49:03.5369824Z"
"users/11327406654","users/10022164082","2018-12-09T23:48:21.1361495Z"
"users/11328338738","users/17301813621499133081","2019-04-25T18:39:09.6369657Z"
"users/11328338738","users/12560432736","2019-04-26T19:42:30.9832051Z"
"users/11328338738","users/11443892047","2019-06-08T16:57:29.739015Z"
"users/11328338738","users/17301813623952740702","2020-03-14T00:26:35.7767713Z"
"users/11328338738","users/17301813624433882105","2020-03-18T16:15:26.1230037Z"
"users/11328338738","users/17301813621469556223","2020-04-21T10:19:43.5102859Z"
"users/11328338738","users/17301813623271944072","2020-04-23T13:17:38.0657465Z"
"users/11328338738","users/12178538003","2020-08-30T00:06:40.8285633Z"
"users/11328388033","users/11689922453","2019-04-22T08:39:04.6471707Z"
"users/11328388033","users/11840386996","2019-04-22T08:39:06.8215847Z"
"users/11328388033","users/12080977909","2019-04-22T08:39:07.3082371Z"
"users/11328388033","users/12052032583","2019-04-22T08:39:07.7615481Z"
"users/11328388033","users/11805575432","2019-04-22T08:39:09.5257359Z"
"users/11328388033","users/32280400","2019-04-22T08:39:09.5415095Z"
"users/11328388033","users/63641220","2019-04-22T08:39:10.1664318Z"
"users/11328388033","users/79933485","2019-04-22T08:39:10.6195391Z"
"users/11328388033","users/10620208643","2019-04-22T08:39:11.1354439Z"
"users/11328388033","users/11320801519","2019-04-22T08:39:11.1506954Z"
"users/11328388033","users/11928492392","2019-04-22T08:39:11.7144481Z"
"users/11328388033","users/10599774777","2019-04-22T08:39:13.9614207Z"
"users/11328388033","users/6227474036","2019-04-22T08:39:14.5085254Z"
"users/11328392483","users/11121926204","2018-12-10T12:45:52.5957275Z"
"users/11328433860","users/11066916682","2018-12-26T02:41:12.8645226Z"
"users/11328442139","users/6633408103","2018-12-11T01:02:35.280297Z"
"users/11328442139","users/9776034473","2019-01-27T15:19:49.7477219Z"
"users/11328930708","users/257292747","2018-12-19T20:09:31.8559624Z"
"users/11328930708","users/32280400","2018-12-20T16:43:40.1635333Z"
"users/11328930708","users/10571349825","2018-12-21T01:57:07.991431Z"
"users/11328930708","users/6104652736","2018-12-21T10:18:25.2695848Z"
"users/11328930708","users/244767131","2018-12-24T00:25:39.1520802Z"
"users/11328930708","users/11320801519","2018-12-24T00:25:45.7161344Z"
"users/11328930708","users/11397689183","2018-12-24T00:25:46.8420508Z"
"users/11328930708","users/6424850976","2018-12-24T00:26:08.672525Z"
"users/11328930708","users/642968706","2018-12-24T00:26:10.7741721Z"
"users/11328930708","users/10520944703","2018-12-24T00:26:11.2117259Z"
"users/11328930708","users/10151954266","2018-12-24T00:26:27.5330852Z"
"users/11328930708","users/10563264052","2018-12-24T00:26:29.1425899Z"
"users/11328930708","users/63838573","2018-12-24T00:27:00.8889973Z"
"users/11328930708","users/11418381590","2018-12-24T00:27:07.0186185Z"
"users/11328930708","users/5679916866","2018-12-24T00:27:07.7686997Z"
"users/11328930708","users/39828024","2018-12-24T00:27:08.3829273Z"
"users/11328930708","users/6650063821","2018-12-24T00:27:15.4166112Z"
"users/11328930708","users/11436074780","2018-12-24T00:27:17.8499142Z"
"users/11328930708","users/10505597260","2018-12-24T00:27:23.5358713Z"
"users/11328930708","users/10479301210","2018-12-24T00:27:23.8694613Z"
"users/11328930708","users/10638827505","2018-12-24T00:27:25.0572204Z"
"users/11328930708","users/82852111","2018-12-24T00:27:29.4379362Z"
"users/11328930708","users/138686119","2018-12-24T00:27:35.9931008Z"
"users/11328930708","users/10313960702","2018-12-24T00:27:39.3862146Z"
"users/11328930708","users/6252392059","2018-12-24T00:27:40.6055941Z"
"users/11328930708","users/72906113","2018-12-24T00:27:41.1369302Z"
"users/11328930708","users/10549564882","2018-12-24T00:27:52.8413371Z"
"users/11328930708","users/9692730970","2018-12-24T00:27:55.7682323Z"
"users/11328930708","users/10173674766","2018-12-24T00:28:00.7108025Z"
"users/11328930708","users/5793220835","2018-12-24T00:28:04.5606193Z"
"users/11328930708","users/11315335863","2018-12-24T00:28:06.232663Z"
"users/11328930708","users/11451376884","2018-12-24T00:28:14.5463277Z"
"users/11328930708","users/6255982292","2018-12-24T00:28:15.2386721Z"
"users/11328930708","users/10517734509","2018-12-24T00:28:16.2231533Z"
"users/11328930708","users/11181375644","2018-12-25T17:28:15.6060753Z"
"users/11328930708","users/6095447238","2018-12-25T17:28:18.0144853Z"
"users/11328930708","users/582025118","2018-12-25T17:37:33.7209451Z"
"users/11328930708","users/6213539157","2018-12-25T17:37:35.5362286Z"
"users/11328930708","users/6327008626","2018-12-25T17:37:35.9905768Z"
"users/11328930708","users/6247918425","2018-12-25T17:37:39.6077822Z"
"users/11328930708","users/531905838","2018-12-25T17:37:41.5008179Z"
"users/11328930708","users/6091895479","2018-12-25T17:37:54.3336459Z"
"users/11328930708","users/192344245","2018-12-25T17:37:54.6930775Z"
"users/11328930708","users/8812804494","2018-12-25T17:37:55.6619303Z"
"users/11328930708","users/9776034473","2018-12-25T17:37:58.7661111Z"
"users/11328930708","users/5734567932","2018-12-25T17:38:01.0411461Z"
"users/11328930708","users/9979540816","2018-12-25T17:38:04.3067167Z"
"users/11328930708","users/11133678449","2018-12-25T17:38:06.9477392Z"
"users/11328930708","users/10812677150","2018-12-25T17:38:07.557194Z"
"users/11328930708","users/10599774777","2018-12-25T17:38:09.0483884Z"
"users/11328930708","users/121294999","2018-12-25T17:38:14.1194873Z"
"users/11328930708","users/11453274846","2018-12-25T17:38:19.7394295Z"
"users/11328930708","users/10547600608","2018-12-25T17:38:21.4896121Z"
"users/11328930708","users/11341476342","2018-12-25T17:38:22.6147288Z"
"users/11328930708","users/11495596522","2018-12-25T17:38:24.7595238Z"
"users/11328930708","users/74855470","2018-12-25T17:38:25.3687786Z"
"users/11328930708","users/105710828","2018-12-25T17:38:31.1485518Z"
"users/11328930708","users/11151554720","2018-12-25T17:38:39.8377688Z"
"users/11328930708","users/10969332172","2018-12-25T17:38:46.4748971Z"
"users/11328930708","users/5577374034","2018-12-25T17:38:52.1732015Z"
"users/11328930708","users/9797685780","2018-12-25T17:39:00.1158709Z"
"users/11328930708","users/10950628793","2018-12-25T17:39:02.2589625Z"
"users/11328930708","users/10355548448","2018-12-25T17:39:04.7769462Z"
"users/11328930708","users/11088902845","2018-12-25T17:39:08.2462317Z"
"users/11328930708","users/5882395173","2018-12-25T17:39:12.4610418Z"
"users/11328930708","users/7724777344","2018-12-25T17:39:13.2425904Z"
"users/11328930708","users/5751131073","2018-12-25T17:39:17.2819265Z"
"users/11328930708","users/11198301508","2018-12-25T17:39:19.0253988Z"
"users/11328930708","users/10541156042","2018-12-25T17:39:38.3236342Z"
"users/11328930708","users/6735035119","2018-12-25T17:39:41.2430451Z"
"users/11328930708","users/11156698333","2018-12-25T17:39:45.8127346Z"
"users/11328930708","users/5636922584","2018-12-25T17:39:48.0003676Z"
"users/11328930708","users/11194919214","2018-12-25T17:39:50.768612Z"
"users/11328930708","users/11331148635","2018-12-25T17:39:51.6611121Z"
"users/11328930708","users/11326187324","2018-12-25T17:39:52.0363325Z"
"users/11328930708","users/591923488","2018-12-25T17:39:53.858512Z"
"users/11328930708","users/6592349999","2018-12-25T17:39:54.6103054Z"
"users/11328930708","users/6272285942","2018-12-25T17:40:12.5227258Z"
"users/11328930708","users/178636732","2018-12-25T17:40:13.582615Z"
"users/11328930708","users/10476280668","2018-12-25T17:40:36.6247245Z"
"users/11328930708","users/10277187845","2018-12-25T17:40:37.062322Z"
"users/11328930708","users/6132767409","2018-12-25T17:40:44.4751278Z"
"users/11328930708","users/5806843349","2018-12-25T17:40:56.9171251Z"
"users/11328930708","users/10230302321","2018-12-25T17:41:00.1192809Z"
"users/11328930708","users/11056869463","2018-12-25T17:41:03.7286861Z"
"users/11328930708","users/10865682279","2018-12-25T17:41:04.7171026Z"
"users/11328930708","users/6146987700","2018-12-25T17:41:05.9067923Z"
"users/11328930708","users/11163983114","2018-12-25T17:41:06.7059753Z"
"users/11328930708","users/6128197588","2018-12-25T17:41:10.6412253Z"
"users/11328930708","users/5742760244","2018-12-25T17:41:11.3915301Z"
"users/11328930708","users/11065042797","2018-12-25T17:41:12.2040566Z"
"users/11328930708","users/10584301264","2018-12-25T17:41:16.0585231Z"
"users/11328930708","users/6596475564","2018-12-25T17:41:16.5274346Z"
"users/11328930708","users/62598706","2018-12-25T19:38:53.5090478Z"
"users/11328930708","users/239495346","2018-12-25T19:38:54.9930287Z"
"users/11328930708","users/11315693444","2018-12-25T19:38:58.7835193Z"
"users/11328930708","users/5626650262","2018-12-25T19:39:11.2976478Z"
"users/11328930708","users/10120559854","2018-12-25T19:39:11.7248286Z"
"users/11328930708","users/10169777747","2018-12-25T19:39:18.4214779Z"
"users/11328930708","users/11119908170","2018-12-25T19:39:21.6284747Z"
"users/11328930708","users/5435823602","2018-12-25T19:39:26.4138148Z"
"users/11328930708","users/5824036890","2018-12-25T19:39:30.0635674Z"
"users/11328930708","users/6299672183","2018-12-25T19:39:54.8413057Z"
"users/11328930708","users/10093316956","2018-12-25T19:42:04.206109Z"
"users/11328930708","users/5483801275","2018-12-25T19:42:07.5231474Z"
"users/11328930708","users/10524658472","2018-12-25T19:42:21.7439396Z"
"users/11328930708","users/11239792787","2018-12-25T19:42:24.6853878Z"
"users/11328930708","users/11473780780","2018-12-25T19:42:31.3302583Z"
"users/11328930708","users/11199252919","2018-12-25T19:43:14.0526622Z"
"users/11328930708","users/576403621","2018-12-25T19:56:06.5538552Z"
"users/11328930708","users/5784218740","2018-12-25T19:56:07.3506533Z"
"users/11328930708","users/5731353453","2018-12-25T19:56:12.6355108Z"
"users/11328930708","users/69557931","2018-12-25T19:56:16.8636929Z"
"users/11328930708","users/7744259746","2018-12-25T19:56:24.8659373Z"
"users/11328930708","users/72684508","2018-12-25T19:56:25.4286503Z"
"users/11328930708","users/10018144336","2018-12-25T19:56:27.7101158Z"
"users/11328930708","users/6177541003","2018-12-25T19:56:32.5365314Z"
"users/11328930708","users/11370462953","2018-12-25T19:56:33.4237791Z"
"users/11328930708","users/6085049548","2018-12-25T19:56:34.9734707Z"
"users/11328930708","users/6143736850","2018-12-25T19:56:38.2252397Z"
"users/11328930708","users/91874408","2018-12-25T19:56:38.9046864Z"
"users/11328930708","users/5782603876","2018-12-25T19:56:39.7729787Z"
"users/11328930708","users/11445227368","2018-12-25T19:56:40.7262984Z"
"users/11328930708","users/10983691273","2018-12-25T19:56:45.6472349Z"
"users/11328930708","users/11466878914","2018-12-25T19:56:49.7066593Z"
"users/11328930708","users/10855139936","2018-12-25T19:56:57.9283932Z"
"users/11328930708","users/11407980637","2018-12-26T01:56:49.2421985Z"
"users/11328930708","users/11444778695","2018-12-26T02:53:08.4948657Z"
"users/11328930708","users/6580904963","2018-12-26T02:53:19.6828789Z"
"users/11328930708","users/5798395051","2018-12-26T02:53:20.5579522Z"
"users/11328930708","users/11200262180","2018-12-26T02:54:08.5355301Z"
"users/11328930708","users/10243170955","2018-12-26T02:54:13.0191505Z"
"users/11328930708","users/570576960","2018-12-26T22:52:22.32683Z"
"users/11328930708","users/11466986810","2018-12-26T22:52:22.779813Z"
"users/11328930708","users/5624709933","2018-12-26T22:52:29.2475679Z"
"users/11328930708","users/6073638103","2018-12-26T22:52:29.7007867Z"
"users/11328930708","users/6073674195","2018-12-26T22:52:38.2395153Z"
"users/11328930708","users/6277967834","2018-12-26T22:52:46.2401525Z"
"users/11328930708","users/10629175064","2018-12-26T22:52:49.4561538Z"
"users/11328930708","users/6324973428","2018-12-26T22:52:50.2063827Z"
"users/11328930708","users/88561182","2018-12-26T22:52:58.3679863Z"
"users/11328930708","users/143665898","2018-12-26T22:53:00.5162716Z"
"users/11328930708","users/6346940313","2018-12-26T22:53:08.3252433Z"
"users/11328930708","users/11445776095","2018-12-26T22:53:17.2426687Z"
"users/11328930708","users/10046200295","2018-12-26T22:53:30.3388631Z"
"users/11328930708","users/11225634682","2018-12-26T22:53:30.8078286Z"
"users/11328930708","users/8630900610","2018-12-26T22:53:36.8920306Z"
"users/11328930708","users/79216239","2018-12-27T19:48:07.2557383Z"
"users/11328930708","users/5596318734","2018-12-27T19:48:08.8414222Z"
"users/11328930708","users/6175289485","2018-12-27T19:48:11.1148686Z"
"users/11328930708","users/9760644139","2018-12-27T19:48:11.5060117Z"
"users/11328930708","users/5542722674","2018-12-27T19:48:15.313142Z"
"users/11328930708","users/11314894930","2018-12-27T19:48:16.9239672Z"
"users/11328930708","users/10048192981","2018-12-27T19:48:23.3602654Z"
"users/11328930708","users/63843343","2018-12-27T19:48:24.6916552Z"
"users/11328930708","users/5544734762","2018-12-27T19:48:25.6916076Z"
"users/11328930708","users/11516178599","2018-12-27T19:48:26.2074787Z"
"users/11328930708","users/10969796193","2018-12-27T19:48:30.2195002Z"
"users/11328930708","users/6318113418","2018-12-27T19:48:37.120786Z"
"users/11328930708","users/11236288288","2018-12-27T19:48:40.7451977Z"
"users/11328930708","users/11357215114","2018-12-27T19:48:48.1909667Z"
"users/11328930708","users/615381216","2018-12-27T19:48:50.4637973Z"
